customer_id,first_name,last_name,email,city,country,created_at
1,Timothy,Johnson,timothy.johnson448@outlook.com,Mumbai,India,2024-05-11
2,Tiffany,Escobar,tiffany.escobar462@yahoo.com,New York,USA,2026-05-07
3,Natalie,Deleon,natalie.deleon455@gmail.com,Mumbai,India,2024-05-24
4,John,Miller,john.miller768@outlook.com,Mumbai,India,2026-03-22
5,Robert,Johnson,robert.johnson663@yahoo.com,New York,USA,2024-02-04
6,Paul,Faulkner,paul.faulkner308@yahoo.com,Delhi,India,2025-07-30
7,Stephanie,Kelly,stephanie.kelly23@icloud.com,Berlin,Germany,2025-03-03
8,Joseph,Scott,joseph.scott219@gmail.com,Chennai,India,2024-02-20
9,Steven,Flores,steven.flores10@gmail.com,Chicago,USA,2026-04-15
10,Alec,Novak,alec.novak363@yahoo.com,Berlin,Germany,2025-04-22
11,Eddie,Rodriguez,eddie.rodriguez463@icloud.com,New York,USA,2024-09-12
12,Ronald,Cochran,ronald.cochran99@outlook.com,London,United Kingdom,2023-12-06
13,Michelle,Carey,michelle.carey184@gmail.com,Seattle,USA,2025-06-28
14,Roy,Baker,roy.baker444@gmail.com,Chennai,India,2024-03-07
15,Nicole,Holland,nicole.holland811@icloud.com,Chennai,India,2025-12-27
16,Tina,Thomas,tina.thomas515@gmail.com,Chennai,India,2024-03-12
17,Charles,Hicks,charles.hicks368@outlook.com,Bengaluru,India,2025-07-14
18,Stephanie,Day,stephanie.day558@yahoo.com,Delhi,India,2024-10-19
19,Nicole,Lawrence,nicole.lawrence530@icloud.com,Chennai,India,2024-04-07
20,Patricia,Velez,patricia.velez940@icloud.com,Chennai,India,2025-01-24
21,Justin,Khan,justin.khan424@outlook.com,Mumbai,India,2025-04-29
22,Natasha,Joseph,natasha.joseph812@outlook.com,Seattle,USA,2025-10-26
23,Alex,Griffith,alex.griffith306@outlook.com,Bengaluru,India,2023-11-12
24,Michelle,Lewis,michelle.lewis252@icloud.com,Hyderabad,India,2026-06-09
25,Megan,Higgins,megan.higgins486@icloud.com,Sydney,Australia,2026-05-25
26,Carol,Hunter,carol.hunter938@yahoo.com,Mumbai,India,2024-08-15
27,Danny,Ortiz,danny.ortiz924@icloud.com,New York,USA,2025-02-25
28,Wendy,Smith,wendy.smith754@icloud.com,Sydney,Australia,2025-08-01
29,Lauren,Carpenter,lauren.carpenter817@outlook.com,Delhi,India,2025-09-12
30,Brittany,Chan,brittany.chan786@gmail.com,Chennai,India,2024-09-25
31,Jessica,Smith,jessica.smith657@icloud.com,Hyderabad,India,2026-05-15
32,Mark,Petersen,mark.petersen151@icloud.com,Delhi,India,2025-06-02
33,Larry,Orr,larry.orr479@gmail.com,Hyderabad,India,2024-05-23
34,Tanya,Rodriguez,tanya.rodriguez629@icloud.com,Bengaluru,India,2024-02-25
35,Mary,Pierce,mary.pierce978@icloud.com,Chicago,USA,2024-02-20
36,Jermaine,Patrick,jermaine.patrick784@outlook.com,New York,USA,2025-02-12
37,Michelle,Reyes,michelle.reyes152@outlook.com,Chennai,India,2025-06-24
38,Christina,Le,christina.le509@gmail.com,Berlin,Germany,2025-04-29
39,Stacy,Watkins,stacy.watkins613@yahoo.com,Seattle,USA,2025-05-11
40,Kevin,Logan,kevin.logan914@yahoo.com,Chicago,USA,2025-08-04
41,Kimberly,Singleton,kimberly.singleton944@outlook.com,Chicago,USA,2025-09-23
42,Lori,Everett,lori.everett193@icloud.com,Bengaluru,India,2023-07-22
43,Kristen,Pace,kristen.pace406@outlook.com,Mumbai,India,2025-03-02
44,Eddie,Anderson,eddie.anderson613@outlook.com,Hyderabad,India,2026-06-04
45,Matthew,Hughes,matthew.hughes860@icloud.com,Chicago,USA,2025-06-16
46,Austin,Gardner,austin.gardner63@yahoo.com,Seattle,USA,2024-05-27
47,Brandy,Edwards,brandy.edwards261@gmail.com,Seattle,USA,2026-02-14
48,Bryan,Walls,bryan.walls593@yahoo.com,Hyderabad,India,2025-04-13
49,Brooke,Rice,brooke.rice869@yahoo.com,Delhi,India,2024-07-25
50,Michael,Ortiz,michael.ortiz155@yahoo.com,Hyderabad,India,2023-08-01
51,Sarah,Noble,sarah.noble499@yahoo.com,London,United Kingdom,2024-05-15
52,Karen,Donovan,karen.donovan831@gmail.com,London,United Kingdom,2024-01-08
53,Desiree,Edwards,desiree.edwards920@icloud.com,London,United Kingdom,2025-03-24
54,Jennifer,Calderon,jennifer.calderon899@yahoo.com,Sydney,Australia,2026-03-27
55,Sarah,Gonzalez,sarah.gonzalez174@yahoo.com,Sydney,Australia,2026-03-08
56,Nicholas,Ortiz,nicholas.ortiz971@gmail.com,Seattle,USA,2024-10-10
57,Kirsten,Perez,kirsten.perez270@icloud.com,Seattle,USA,2023-11-27
58,Kathleen,Turner,kathleen.turner90@icloud.com,Mumbai,India,2024-08-30
59,Alexis,Alvarez,alexis.alvarez956@icloud.com,Mumbai,India,2023-07-26
60,Christopher,Garcia,christopher.garcia63@yahoo.com,New York,USA,2025-09-28
61,Brian,Wright,brian.wright343@outlook.com,Delhi,India,2024-09-03
62,William,Lowery,william.lowery5@icloud.com,London,United Kingdom,2025-02-05
63,Kristi,Turner,kristi.turner668@outlook.com,Bengaluru,India,2023-11-09
64,Diane,Fuller,diane.fuller339@outlook.com,Seattle,USA,2025-11-01
65,Yolanda,Moore,yolanda.moore953@gmail.com,Chicago,USA,2026-03-19
66,Shawn,Welch,shawn.welch318@icloud.com,Chennai,India,2024-12-16
67,Christopher,Hudson,christopher.hudson23@icloud.com,London,United Kingdom,2024-06-03
68,Regina,Barker,regina.barker331@yahoo.com,Seattle,USA,2025-04-05
69,Deborah,Johnson,deborah.johnson749@icloud.com,Hyderabad,India,2024-05-06
70,Timothy,Perez,timothy.perez145@outlook.com,Sydney,Australia,2023-11-10
71,Rachel,Martinez,rachel.martinez948@outlook.com,Sydney,Australia,2025-10-14
72,Jacob,Welch,jacob.welch659@outlook.com,Chennai,India,2024-04-21
73,Thomas,Cannon,thomas.cannon419@icloud.com,Bengaluru,India,2026-06-23
74,Amanda,Greene,amanda.greene955@gmail.com,New York,USA,2023-07-15
75,Sheila,Mann,sheila.mann321@icloud.com,Delhi,India,2024-07-11
76,Selena,Mcdonald,selena.mcdonald422@yahoo.com,New York,USA,2025-11-25
77,Dawn,Wright,dawn.wright38@outlook.com,Chicago,USA,2026-05-01
78,Erin,Ibarra,erin.ibarra77@icloud.com,Chicago,USA,2024-05-26
79,Albert,Bridges,albert.bridges669@gmail.com,New York,USA,2025-07-10
80,Matthew,Smith,matthew.smith903@outlook.com,London,United Kingdom,2024-12-26
81,Steven,Casey,steven.casey69@yahoo.com,Hyderabad,India,2026-07-04
82,Jennifer,Proctor,jennifer.proctor270@yahoo.com,Sydney,Australia,2024-12-21
83,Janet,Lee,janet.lee197@icloud.com,London,United Kingdom,2026-05-24
84,Lee,Vasquez,lee.vasquez88@yahoo.com,Mumbai,India,2025-11-06
85,Anthony,Hernandez,anthony.hernandez486@icloud.com,Chicago,USA,2024-01-13
86,Michael,Richardson,michael.richardson703@outlook.com,Berlin,Germany,2024-01-19
87,Haley,Hodges,haley.hodges933@gmail.com,Sydney,Australia,2024-12-19
88,Misty,Martinez,misty.martinez414@gmail.com,New York,USA,2023-07-18
89,Mary,Chambers,mary.chambers432@gmail.com,Sydney,Australia,2024-08-20
90,Darrell,Frazier,darrell.frazier478@yahoo.com,London,United Kingdom,2024-01-15
91,Melissa,Mckenzie,melissa.mckenzie929@yahoo.com,Bengaluru,India,2024-07-15
92,Alyssa,Jones,alyssa.jones454@icloud.com,Hyderabad,India,2026-01-01
93,Jennifer,Rose,jennifer.rose426@outlook.com,Sydney,Australia,2024-08-13
94,Eric,Cook,eric.cook428@gmail.com,Bengaluru,India,2026-05-27
95,Randy,Rice,randy.rice255@gmail.com,New York,USA,2026-03-09
96,Matthew,Parks,matthew.parks81@yahoo.com,Chicago,USA,2024-01-31
97,Tanya,Edwards,tanya.edwards794@icloud.com,Sydney,Australia,2026-01-17
98,Jill,Hughes,jill.hughes800@yahoo.com,Bengaluru,India,2026-05-23
99,Jason,Rivera,jason.rivera596@gmail.com,London,United Kingdom,2026-01-31
100,Heather,Martin,heather.martin212@gmail.com,Berlin,Germany,2025-12-19
101,Amy,Mcgee,amy.mcgee412@gmail.com,London,United Kingdom,2024-12-03
102,Linda,Warren,linda.warren86@yahoo.com,Hyderabad,India,2024-01-05
103,Mitchell,Becker,mitchell.becker440@yahoo.com,New York,USA,2025-07-24
104,Amy,Harris,amy.harris554@outlook.com,Chicago,USA,2024-12-12
105,Shane,Summers,shane.summers92@yahoo.com,Seattle,USA,2024-02-14
106,Kenneth,Huber,kenneth.huber749@gmail.com,Mumbai,India,2024-05-24
107,Jeremy,Miller,jeremy.miller973@yahoo.com,Bengaluru,India,2024-04-19
108,James,Hall,james.hall200@outlook.com,New York,USA,2025-06-25
109,Nina,Miranda,nina.miranda647@yahoo.com,Chennai,India,2024-02-12
110,Terri,Hudson,terri.hudson829@outlook.com,Hyderabad,India,2024-09-07
111,Scott,Williams,scott.williams561@gmail.com,Chennai,India,2025-04-03
112,Rachel,Smith,rachel.smith694@outlook.com,Berlin,Germany,2026-06-21
113,David,Fuller,david.fuller163@outlook.com,New York,USA,2025-10-13
114,Chase,Peterson,chase.peterson124@gmail.com,Sydney,Australia,2023-08-24
115,Patricia,Hanson,patricia.hanson267@outlook.com,Hyderabad,India,2025-02-24
116,Julie,Dennis,julie.dennis770@icloud.com,Delhi,India,2024-05-27
117,Robert,Rodriguez,robert.rodriguez697@yahoo.com,Hyderabad,India,2024-03-02
118,Gina,Stone,gina.stone561@icloud.com,Berlin,Germany,2024-12-06
119,Savannah,Riley,savannah.riley483@yahoo.com,New York,USA,2024-01-28
120,Alisha,Henry,alisha.henry319@icloud.com,New York,USA,2026-01-06
121,Sean,Rosario,sean.rosario522@outlook.com,Hyderabad,India,2026-06-30
122,Daisy,Duran,daisy.duran480@gmail.com,Bengaluru,India,2025-12-01
123,Douglas,Davis,douglas.davis231@outlook.com,Seattle,USA,2025-12-14
124,Jay,Miller,jay.miller918@outlook.com,Chennai,India,2025-02-21
125,Christine,Barron,christine.barron40@outlook.com,Sydney,Australia,2024-04-20
126,Michael,Johnson,michael.johnson380@yahoo.com,Chicago,USA,2026-01-10
127,Kristi,Espinoza,kristi.espinoza26@yahoo.com,Bengaluru,India,2024-04-21
128,Anita,Martin,anita.martin46@yahoo.com,Seattle,USA,2024-03-21
129,Daniel,Holland,daniel.holland683@outlook.com,Berlin,Germany,2024-05-09
130,Donna,Miller,donna.miller986@icloud.com,Bengaluru,India,2024-04-06
131,David,Ward,david.ward930@outlook.com,Hyderabad,India,2023-10-24
132,Paul,Martin,paul.martin608@gmail.com,Sydney,Australia,2025-04-04
133,Sara,Kaufman,sara.kaufman150@yahoo.com,New York,USA,2025-10-23
134,Lisa,Vaughan,lisa.vaughan818@outlook.com,Sydney,Australia,2025-06-26
135,Eric,Chavez,eric.chavez612@yahoo.com,Delhi,India,2024-11-09
136,Wendy,Peters,wendy.peters283@yahoo.com,Delhi,India,2024-02-22
137,William,Gilbert,william.gilbert788@yahoo.com,Bengaluru,India,2023-08-28
138,Douglas,Munoz,douglas.munoz539@yahoo.com,Berlin,Germany,2024-01-17
139,Diana,Christian,diana.christian518@yahoo.com,Hyderabad,India,2023-10-02
140,Shelby,Conway,shelby.conway270@outlook.com,New York,USA,2025-06-10
141,Kenneth,Mccarthy,kenneth.mccarthy948@icloud.com,Chicago,USA,2023-07-31
142,Timothy,York,timothy.york61@yahoo.com,Chennai,India,2023-08-22
143,Nathaniel,Richardson,nathaniel.richardson631@gmail.com,Berlin,Germany,2024-03-16
144,Michael,Bailey,michael.bailey508@gmail.com,Chicago,USA,2025-11-24
145,Mary,Harvey,mary.harvey989@gmail.com,Chennai,India,2024-07-01
146,Alison,Hansen,alison.hansen519@outlook.com,Sydney,Australia,2026-05-01
147,Laurie,Smith,laurie.smith404@yahoo.com,Delhi,India,2023-10-15
148,Roberto,Davis,roberto.davis41@yahoo.com,New York,USA,2024-09-04
149,Seth,Williams,seth.williams284@yahoo.com,Seattle,USA,2025-08-16
150,Alexander,Hill,alexander.hill429@outlook.com,Sydney,Australia,2024-11-14
151,Sara,Hernandez,sara.hernandez294@icloud.com,Delhi,India,2023-09-27
152,Rebecca,Cisneros,rebecca.cisneros223@gmail.com,Mumbai,India,2024-04-25
153,Kevin,Carpenter,kevin.carpenter271@icloud.com,Chennai,India,2024-04-24
154,Christine,Mccoy,christine.mccoy283@outlook.com,Hyderabad,India,2023-09-09
155,Michael,Logan,michael.logan19@icloud.com,New York,USA,2025-04-05
156,Wendy,Peck,wendy.peck148@outlook.com,Delhi,India,2025-08-19
157,Jesus,Mccann,jesus.mccann54@outlook.com,Hyderabad,India,2023-10-09
158,Tracy,Fowler,tracy.fowler998@gmail.com,Sydney,Australia,2023-09-28
159,Scott,Cameron,scott.cameron644@icloud.com,Delhi,India,2023-10-03
160,Jennifer,Stanley,jennifer.stanley944@outlook.com,Chennai,India,2024-05-20
161,Suzanne,Baker,suzanne.baker82@outlook.com,Delhi,India,2025-08-06
162,Denise,Lozano,denise.lozano827@gmail.com,Delhi,India,2024-01-14
163,Justin,Rogers,justin.rogers385@yahoo.com,Delhi,India,2025-09-21
164,Michael,Landry,michael.landry598@outlook.com,Chicago,USA,2026-01-11
165,John,Jackson,john.jackson690@icloud.com,Bengaluru,India,2024-10-07
166,Laura,Zuniga,laura.zuniga818@gmail.com,Sydney,Australia,2025-09-14
167,George,Baker,george.baker474@icloud.com,Chennai,India,2024-03-25
168,Adam,Smith,adam.smith361@icloud.com,Sydney,Australia,2024-08-22
169,Mary,Conner,mary.conner488@gmail.com,Delhi,India,2025-06-26
170,Diana,Perez,diana.perez906@yahoo.com,Bengaluru,India,2025-09-25
171,David,Martin,david.martin5@yahoo.com,Chicago,USA,2023-12-18
172,Laurie,Gonzalez,laurie.gonzalez629@outlook.com,New York,USA,2025-10-01
173,April,Valdez,april.valdez567@gmail.com,Sydney,Australia,2023-10-30
174,Amy,Baker,amy.baker684@yahoo.com,Hyderabad,India,2023-12-02
175,Amy,Miller,amy.miller872@icloud.com,Hyderabad,India,2026-03-13
176,Patrick,Fisher,patrick.fisher70@yahoo.com,Sydney,Australia,2025-09-14
177,Michael,Chandler,michael.chandler311@outlook.com,Berlin,Germany,2025-12-26
178,Michael,White,michael.white123@icloud.com,Berlin,Germany,2024-04-09
179,Aaron,Miller,aaron.miller185@icloud.com,Chicago,USA,2023-08-04
180,Kathleen,Anderson,kathleen.anderson784@outlook.com,Chicago,USA,2025-03-02
181,Angela,Roach,angela.roach897@outlook.com,Bengaluru,India,2024-04-23
182,Katrina,Rodriguez,katrina.rodriguez708@gmail.com,New York,USA,2025-06-11
183,Erica,Hutchinson,erica.hutchinson8@icloud.com,Bengaluru,India,2024-09-06
184,Thomas,Townsend,thomas.townsend201@gmail.com,London,United Kingdom,2026-02-09
185,William,Reed,william.reed508@outlook.com,London,United Kingdom,2024-06-11
186,Jessica,Watts,jessica.watts367@gmail.com,Mumbai,India,2025-11-08
187,John,Bullock,john.bullock721@outlook.com,New York,USA,2023-08-16
188,Phillip,Romero,phillip.romero925@outlook.com,Berlin,Germany,2023-07-22
189,David,Whitaker,david.whitaker181@outlook.com,Chicago,USA,2025-02-22
190,Matthew,May,matthew.may96@icloud.com,New York,USA,2024-03-17
191,Christina,Campbell,christina.campbell26@outlook.com,Mumbai,India,2023-10-30
192,Daniel,Walton,daniel.walton252@outlook.com,Bengaluru,India,2025-10-08
193,Jason,Willis,jason.willis244@yahoo.com,Berlin,Germany,2024-06-12
194,Russell,Bennett,russell.bennett699@icloud.com,Sydney,Australia,2025-02-20
195,Andre,Marquez,andre.marquez458@yahoo.com,London,United Kingdom,2026-05-19
196,Joanna,Parker,joanna.parker953@gmail.com,New York,USA,2024-04-02
197,Michael,Carey,michael.carey141@icloud.com,Seattle,USA,2026-05-30
198,Christopher,Haynes,christopher.haynes994@yahoo.com,Hyderabad,India,2025-03-30
199,Nancy,Jensen,nancy.jensen507@yahoo.com,Mumbai,India,2023-07-19
200,Tiffany,Richard,tiffany.richard644@icloud.com,Chennai,India,2024-04-07
201,Anthony,Moon,anthony.moon725@icloud.com,Sydney,Australia,2024-07-13
202,Amanda,Taylor,amanda.taylor636@gmail.com,London,United Kingdom,2025-01-26
203,Andrew,Cruz,andrew.cruz731@gmail.com,New York,USA,2024-04-24
204,Heather,Wilson,heather.wilson238@gmail.com,Berlin,Germany,2024-08-31
205,John,Green,john.green12@outlook.com,London,United Kingdom,2023-07-25
206,Marc,Smith,marc.smith902@icloud.com,Hyderabad,India,2023-10-13
207,Charles,Anderson,charles.anderson118@icloud.com,Delhi,India,2024-10-13
208,Patrick,Bartlett,patrick.bartlett646@outlook.com,Sydney,Australia,2024-11-26
209,Charles,Harper,charles.harper561@outlook.com,Berlin,Germany,2024-07-19
210,Heather,Montoya,heather.montoya879@icloud.com,Mumbai,India,2025-09-05
211,Blake,Dawson,blake.dawson35@icloud.com,Chennai,India,2023-09-23
212,Leah,Fisher,leah.fisher8@icloud.com,London,United Kingdom,2026-04-30
213,Chad,Gray,chad.gray143@gmail.com,Chicago,USA,2025-02-17
214,Christopher,Robertson,christopher.robertson283@icloud.com,London,United Kingdom,2025-12-22
215,Amanda,Lambert,amanda.lambert704@yahoo.com,London,United Kingdom,2024-05-31
216,Brent,Underwood,brent.underwood828@gmail.com,Delhi,India,2024-09-12
217,Steven,Flores,steven.flores387@yahoo.com,Seattle,USA,2025-07-28
218,James,Hoffman,james.hoffman313@outlook.com,Sydney,Australia,2024-09-24
219,Jay,Allen,jay.allen213@icloud.com,Hyderabad,India,2025-07-29
220,Rebecca,Brown,rebecca.brown846@icloud.com,Hyderabad,India,2025-08-27
221,Joseph,Jackson,joseph.jackson297@outlook.com,Chennai,India,2025-05-20
222,Alexandra,Meadows,alexandra.meadows842@icloud.com,New York,USA,2024-05-16
223,Anne,Mcdonald,anne.mcdonald634@icloud.com,Sydney,Australia,2026-05-23
224,Nathan,Contreras,nathan.contreras833@gmail.com,New York,USA,2024-09-13
225,Bianca,Ferguson,bianca.ferguson566@icloud.com,Chicago,USA,2025-08-24
226,Sean,Mills,sean.mills341@icloud.com,Chennai,India,2023-08-02
227,Amber,Mitchell,amber.mitchell761@yahoo.com,Seattle,USA,2024-11-30
228,James,Howell,james.howell646@outlook.com,Chicago,USA,2025-02-27
229,Anna,Frank,anna.frank551@icloud.com,Seattle,USA,2024-09-27
230,Brian,Pope,brian.pope857@outlook.com,New York,USA,2026-05-09
231,Sarah,Johnson,sarah.johnson933@gmail.com,Bengaluru,India,2025-03-09
232,Kimberly,Smith,kimberly.smith943@icloud.com,Berlin,Germany,2024-04-22
233,Vickie,Peterson,vickie.peterson460@gmail.com,Berlin,Germany,2026-03-08
234,Kristina,Fritz,kristina.fritz574@outlook.com,Chicago,USA,2023-08-11
235,Alice,Rodriguez,alice.rodriguez608@icloud.com,Chicago,USA,2024-04-17
236,Jeffrey,Brooks,jeffrey.brooks394@yahoo.com,Chennai,India,2024-09-27
237,Paul,Brewer,paul.brewer995@gmail.com,Chennai,India,2024-06-03
238,Amber,Morgan,amber.morgan198@yahoo.com,New York,USA,2025-12-23
239,Rebecca,Morrison,rebecca.morrison421@outlook.com,Chennai,India,2026-01-18
240,Michele,Tate,michele.tate101@outlook.com,Hyderabad,India,2026-01-13
241,Mary,Vasquez,mary.vasquez21@outlook.com,New York,USA,2023-12-01
242,Robert,Miranda,robert.miranda446@yahoo.com,Chicago,USA,2024-11-30
243,Steven,Lopez,steven.lopez260@icloud.com,Bengaluru,India,2023-12-08
244,Linda,Ramos,linda.ramos309@icloud.com,London,United Kingdom,2024-03-25
245,Ariel,Jennings,ariel.jennings992@icloud.com,New York,USA,2026-06-07
246,Peter,Jones,peter.jones309@icloud.com,Chicago,USA,2024-01-14
247,Matthew,Parrish,matthew.parrish663@icloud.com,Hyderabad,India,2024-03-09
248,Stanley,Blevins,stanley.blevins247@yahoo.com,Hyderabad,India,2023-07-17
249,Isabel,Morrow,isabel.morrow990@gmail.com,London,United Kingdom,2026-02-24
250,Michelle,Coleman,michelle.coleman357@outlook.com,Delhi,India,2025-08-04
251,Micheal,Mosley,micheal.mosley772@icloud.com,Chicago,USA,2026-03-15
252,Steven,Williams,steven.williams888@gmail.com,Mumbai,India,2025-07-02
253,William,Fernandez,william.fernandez722@yahoo.com,Seattle,USA,2024-05-22
254,Jill,Lynch,jill.lynch926@gmail.com,Chennai,India,2025-12-12
255,Brittany,Jimenez,brittany.jimenez107@yahoo.com,Chicago,USA,2024-12-23
256,Andrea,Fernandez,andrea.fernandez678@icloud.com,New York,USA,2025-04-11
257,Elizabeth,Martinez,elizabeth.martinez491@yahoo.com,Sydney,Australia,2025-12-01
258,Donald,Martinez,donald.martinez158@gmail.com,New York,USA,2026-03-12
259,Andrea,Berry,andrea.berry988@icloud.com,Berlin,Germany,2024-11-05
260,Eric,Strickland,eric.strickland932@outlook.com,Chennai,India,2024-03-03
261,Linda,Hernandez,linda.hernandez753@gmail.com,Sydney,Australia,2025-01-20
262,Savannah,Holland,savannah.holland78@outlook.com,Chennai,India,2023-08-12
263,David,Frey,david.frey346@yahoo.com,Bengaluru,India,2024-05-22
264,Jillian,Kaufman,jillian.kaufman850@outlook.com,Seattle,USA,2025-12-29
265,Grant,Glass,grant.glass742@outlook.com,Chicago,USA,2024-01-16
266,Glen,Hanson,glen.hanson995@gmail.com,Chennai,India,2025-06-02
267,Victoria,Holder,victoria.holder141@gmail.com,New York,USA,2026-02-16
268,Michelle,Mora,michelle.mora369@gmail.com,London,United Kingdom,2024-01-30
269,Mikayla,Mcdonald,mikayla.mcdonald539@outlook.com,Hyderabad,India,2024-11-10
270,Mary,Dunn,mary.dunn150@yahoo.com,Seattle,USA,2025-11-20
271,Jessica,Carter,jessica.carter578@outlook.com,London,United Kingdom,2024-02-27
272,Michael,Moore,michael.moore937@gmail.com,Chennai,India,2025-12-18
273,Megan,Fernandez,megan.fernandez602@gmail.com,Hyderabad,India,2024-03-06
274,Crystal,Lee,crystal.lee576@icloud.com,Sydney,Australia,2026-01-07
275,Adrian,Lewis,adrian.lewis232@outlook.com,Hyderabad,India,2024-03-25
276,Victoria,Calhoun,victoria.calhoun540@yahoo.com,Bengaluru,India,2023-10-09
277,Kelly,Newton,kelly.newton305@yahoo.com,Seattle,USA,2024-04-10
278,Martin,Patterson,martin.patterson682@gmail.com,Bengaluru,India,2024-10-20
279,Christine,Black,christine.black678@yahoo.com,Berlin,Germany,2025-05-06
280,David,Mills,david.mills534@yahoo.com,Delhi,India,2023-07-30
281,Patricia,Martin,patricia.martin527@icloud.com,Chennai,India,2024-01-02
282,Laurie,Carey,laurie.carey630@yahoo.com,Delhi,India,2026-02-21
283,Abigail,Owens,abigail.owens320@gmail.com,Mumbai,India,2025-11-03
284,Joel,Rose,joel.rose732@gmail.com,Bengaluru,India,2025-03-05
285,Angela,Moore,angela.moore625@outlook.com,Sydney,Australia,2024-04-02
286,Scott,Roberts,scott.roberts181@outlook.com,Sydney,Australia,2024-10-12
287,Kristine,Perez,kristine.perez317@outlook.com,Chennai,India,2023-09-25
288,Brittany,Hughes,brittany.hughes162@gmail.com,Chicago,USA,2025-06-30
289,Sharon,Evans,sharon.evans8@gmail.com,Delhi,India,2023-12-25
290,Arthur,Larsen,arthur.larsen507@yahoo.com,Hyderabad,India,2026-02-12
291,George,Romero,george.romero573@icloud.com,Seattle,USA,2025-03-07
292,James,Torres,james.torres652@gmail.com,Mumbai,India,2025-10-08
293,John,Green,john.green126@outlook.com,Chennai,India,2025-09-07
294,Tina,Schmidt,tina.schmidt373@yahoo.com,Sydney,Australia,2024-12-27
295,Jason,Newman,jason.newman992@yahoo.com,Berlin,Germany,2026-05-09
296,David,Herring,david.herring554@icloud.com,London,United Kingdom,2024-03-17
297,Tamara,Ramirez,tamara.ramirez46@yahoo.com,Mumbai,India,2025-09-26
298,Angel,Barnes,angel.barnes607@gmail.com,Seattle,USA,2024-01-16
299,Zachary,Bernard,zachary.bernard651@gmail.com,Chennai,India,2025-10-15
300,Douglas,Moss,douglas.moss97@outlook.com,London,United Kingdom,2026-01-14
301,Paul,Patton,paul.patton232@icloud.com,London,United Kingdom,2023-08-07
302,Anne,Wilson,anne.wilson985@yahoo.com,Berlin,Germany,2025-05-11
303,William,Watson,william.watson598@yahoo.com,London,United Kingdom,2024-03-12
304,Shawna,Moss,shawna.moss938@yahoo.com,Delhi,India,2025-03-04
305,Tara,Zamora,tara.zamora897@yahoo.com,Sydney,Australia,2024-02-12
306,Justin,Mora,justin.mora441@yahoo.com,Mumbai,India,2025-05-29
307,John,Clark,john.clark397@gmail.com,Mumbai,India,2025-10-05
308,Joshua,Davis,joshua.davis7@yahoo.com,Seattle,USA,2026-06-16
309,Linda,Combs,linda.combs780@icloud.com,New York,USA,2026-06-30
310,Kelly,Hart,kelly.hart474@outlook.com,Seattle,USA,2023-08-31
311,Marilyn,Taylor,marilyn.taylor998@icloud.com,New York,USA,2024-03-04
312,Christopher,Walton,christopher.walton268@icloud.com,Seattle,USA,2025-10-13
313,Daniel,Campbell,daniel.campbell379@icloud.com,Sydney,Australia,2024-07-01
314,William,Bailey,william.bailey779@yahoo.com,Seattle,USA,2023-10-01
315,Jeffrey,Hansen,jeffrey.hansen576@yahoo.com,Chicago,USA,2026-01-05
316,Curtis,Vincent,curtis.vincent67@gmail.com,London,United Kingdom,2025-07-04
317,Ashley,Harris,ashley.harris65@icloud.com,Sydney,Australia,2025-11-08
318,Robert,Ortega,robert.ortega149@icloud.com,Seattle,USA,2025-07-21
319,Philip,Nelson,philip.nelson430@yahoo.com,Sydney,Australia,2025-10-06
320,Samuel,Jensen,samuel.jensen724@icloud.com,Delhi,India,2024-01-10
321,Tracey,Ingram,tracey.ingram950@outlook.com,Chicago,USA,2023-09-12
322,Andrea,Jones,andrea.jones304@yahoo.com,Seattle,USA,2024-02-05
323,Jennifer,Martin,jennifer.martin581@yahoo.com,Seattle,USA,2024-10-29
324,Adam,Pace,adam.pace930@gmail.com,Sydney,Australia,2024-12-12
325,Donna,Hall,donna.hall791@gmail.com,Sydney,Australia,2025-04-02
326,Jimmy,Burke,jimmy.burke441@yahoo.com,Chennai,India,2025-10-06
327,Laura,Wagner,laura.wagner211@icloud.com,Mumbai,India,2024-10-22
328,Heather,Stein,heather.stein350@yahoo.com,London,United Kingdom,2024-11-10
329,Eugene,Morris,eugene.morris756@gmail.com,Berlin,Germany,2023-12-15
330,Eddie,Stark,eddie.stark67@yahoo.com,Delhi,India,2025-12-16
331,Tommy,Wood,tommy.wood969@yahoo.com,New York,USA,2026-05-16
332,Michael,Douglas,michael.douglas999@outlook.com,New York,USA,2023-09-16
333,Kevin,Butler,kevin.butler194@yahoo.com,Seattle,USA,2024-11-29
334,Patricia,Jimenez,patricia.jimenez902@icloud.com,New York,USA,2024-09-25
335,Caleb,Barber,caleb.barber24@icloud.com,Chicago,USA,2023-08-04
336,Edward,Brown,edward.brown157@yahoo.com,Sydney,Australia,2024-03-19
337,Paul,Santiago,paul.santiago181@icloud.com,Seattle,USA,2025-05-16
338,Joshua,Schaefer,joshua.schaefer33@icloud.com,Sydney,Australia,2025-03-27
339,Melissa,Kerr,melissa.kerr509@outlook.com,London,United Kingdom,2025-12-17
340,Aaron,Liu,aaron.liu435@yahoo.com,London,United Kingdom,2024-01-16
341,Ana,Charles,ana.charles436@gmail.com,Delhi,India,2025-03-20
342,Ashley,Green,ashley.green894@yahoo.com,Delhi,India,2024-02-24
343,Rachel,Howell,rachel.howell451@gmail.com,Mumbai,India,2024-03-14
344,Tyler,Arnold,tyler.arnold907@gmail.com,Delhi,India,2024-02-01
345,Nicole,Hernandez,nicole.hernandez293@gmail.com,New York,USA,2023-09-03
346,Bradley,Mercado,bradley.mercado556@gmail.com,Sydney,Australia,2025-03-01
347,Donna,Davis,donna.davis716@gmail.com,Chennai,India,2023-08-16
348,Kristen,Townsend,kristen.townsend88@outlook.com,London,United Kingdom,2024-11-16
349,Dean,Carroll,dean.carroll615@outlook.com,London,United Kingdom,2024-01-22
350,Amanda,Thompson,amanda.thompson737@outlook.com,Sydney,Australia,2023-08-05
351,Travis,Morris,travis.morris177@outlook.com,Seattle,USA,2024-01-26
352,Martin,Sims,martin.sims611@icloud.com,Hyderabad,India,2024-04-10
353,Joseph,Jordan,joseph.jordan335@yahoo.com,Sydney,Australia,2024-03-04
354,Teresa,Sanchez,teresa.sanchez209@icloud.com,Chennai,India,2024-08-07
355,Travis,Harrison,travis.harrison611@gmail.com,Chicago,USA,2025-09-16
356,Jason,Bowen,jason.bowen202@outlook.com,New York,USA,2024-08-18
357,Laura,Prince,laura.prince544@icloud.com,Seattle,USA,2025-11-12
358,Jeffrey,Hodges,jeffrey.hodges931@yahoo.com,Chennai,India,2024-03-30
359,Amber,Ross,amber.ross815@icloud.com,Chicago,USA,2025-06-27
360,Tara,Taylor,tara.taylor111@icloud.com,Delhi,India,2025-01-25
361,Scott,Short,scott.short340@outlook.com,Delhi,India,2025-07-26
362,Philip,Edwards,philip.edwards882@yahoo.com,Delhi,India,2025-08-11
363,Jason,Shaffer,jason.shaffer150@gmail.com,Sydney,Australia,2024-05-27
364,Amy,Oneal,amy.oneal192@yahoo.com,Bengaluru,India,2025-08-08
365,Cory,Horn,cory.horn317@icloud.com,Seattle,USA,2024-03-30
366,William,Richardson,william.richardson809@yahoo.com,Sydney,Australia,2026-03-10
367,Dana,Clark,dana.clark199@yahoo.com,Bengaluru,India,2024-11-25
368,William,Williams,william.williams967@icloud.com,Berlin,Germany,2024-08-24
369,Joseph,Leblanc,joseph.leblanc655@outlook.com,Seattle,USA,2023-10-27
370,Jose,Garcia,jose.garcia628@yahoo.com,Berlin,Germany,2025-03-29
371,Jennifer,Harris,jennifer.harris788@icloud.com,Seattle,USA,2024-02-07
372,Stephanie,Anderson,stephanie.anderson489@yahoo.com,London,United Kingdom,2024-11-25
373,Robert,Kelly,robert.kelly993@gmail.com,New York,USA,2026-01-08
374,Amanda,Johnson,amanda.johnson981@outlook.com,Chicago,USA,2024-07-15
375,John,Thomas,john.thomas498@gmail.com,Seattle,USA,2025-07-18
376,Nathan,Hamilton,nathan.hamilton826@gmail.com,Delhi,India,2023-07-24
377,Angela,Bates,angela.bates257@yahoo.com,Berlin,Germany,2025-09-11
378,Stephanie,Wilson,stephanie.wilson832@icloud.com,Seattle,USA,2024-01-14
379,Nathaniel,Ruiz,nathaniel.ruiz6@outlook.com,Mumbai,India,2024-01-11
380,Courtney,Fox,courtney.fox3@icloud.com,Mumbai,India,2024-06-02
381,Lisa,Duran,lisa.duran225@gmail.com,New York,USA,2024-12-07
382,Jason,Williams,jason.williams56@icloud.com,Chicago,USA,2025-12-30
383,Lorraine,Garza,lorraine.garza25@gmail.com,Hyderabad,India,2025-02-03
384,Sara,Lee,sara.lee133@gmail.com,New York,USA,2024-06-17
385,Holly,Luna,holly.luna89@outlook.com,New York,USA,2024-07-26
386,John,Keith,john.keith237@outlook.com,Sydney,Australia,2025-09-18
387,David,Brown,david.brown145@outlook.com,London,United Kingdom,2025-04-08
388,Adam,Wood,adam.wood704@outlook.com,Mumbai,India,2024-06-26
389,Rachel,Warren,rachel.warren718@icloud.com,London,United Kingdom,2024-02-05
390,Jim,Terry,jim.terry327@gmail.com,Seattle,USA,2026-03-16
391,Craig,Reyes,craig.reyes127@icloud.com,Seattle,USA,2025-01-21
392,Traci,Bishop,traci.bishop353@gmail.com,London,United Kingdom,2025-12-17
393,Andrew,Manning,andrew.manning386@icloud.com,London,United Kingdom,2024-03-31
394,Michele,Carter,michele.carter733@yahoo.com,Sydney,Australia,2026-04-14
395,Travis,Collins,travis.collins964@icloud.com,Bengaluru,India,2025-03-12
396,Michael,Booth,michael.booth551@yahoo.com,Seattle,USA,2024-12-28
397,Diana,Dyer,diana.dyer941@outlook.com,Bengaluru,India,2024-12-14
398,Lisa,Mckenzie,lisa.mckenzie714@yahoo.com,Chicago,USA,2023-09-10
399,Gregory,Woods,gregory.woods849@icloud.com,Mumbai,India,2025-08-14
400,Amanda,Hardy,amanda.hardy942@yahoo.com,Seattle,USA,2025-09-13
401,Michael,Meyer,michael.meyer979@outlook.com,Sydney,Australia,2026-04-23
402,Angelica,Cain,angelica.cain773@yahoo.com,New York,USA,2024-04-06
403,Shannon,Miller,shannon.miller690@gmail.com,Chennai,India,2025-03-18
404,Christopher,Sanchez,christopher.sanchez191@gmail.com,Seattle,USA,2025-04-06
405,Susan,Johnson,susan.johnson413@yahoo.com,Chennai,India,2024-06-24
406,Wanda,Stewart,wanda.stewart614@yahoo.com,Mumbai,India,2025-02-22
407,Jared,Lee,jared.lee850@outlook.com,Sydney,Australia,2026-01-03
408,Jennifer,Spears,jennifer.spears374@gmail.com,Berlin,Germany,2024-05-09
409,Carlos,Jackson,carlos.jackson198@icloud.com,Chicago,USA,2025-04-03
410,Andrea,Perez,andrea.perez118@gmail.com,Mumbai,India,2024-01-16
411,Heather,Adkins,heather.adkins561@yahoo.com,Mumbai,India,2023-12-09
412,Walter,Golden,walter.golden932@yahoo.com,New York,USA,2024-10-15
413,Eric,Robinson,eric.robinson508@outlook.com,Delhi,India,2024-01-03
414,Isaac,Cooper,isaac.cooper737@gmail.com,Sydney,Australia,2025-08-21
415,Brandon,Alexander,brandon.alexander632@yahoo.com,New York,USA,2025-10-12
416,Nicholas,Miles,nicholas.miles202@gmail.com,Delhi,India,2026-04-21
417,Michael,Carey,michael.carey942@yahoo.com,Hyderabad,India,2024-08-12
418,Michael,Wheeler,michael.wheeler976@yahoo.com,Chicago,USA,2025-03-15
419,Dawn,Ross,dawn.ross613@gmail.com,Chennai,India,2025-07-16
420,Corey,Rodriguez,corey.rodriguez909@gmail.com,Seattle,USA,2026-06-09
421,Laura,Johnson,laura.johnson145@yahoo.com,Chicago,USA,2024-07-22
422,Richard,Wagner,richard.wagner760@outlook.com,London,United Kingdom,2025-03-17
423,Calvin,Williams,calvin.williams879@yahoo.com,Chennai,India,2024-06-08
424,Steven,Jones,steven.jones222@outlook.com,Chicago,USA,2025-10-17
425,Jenna,Powers,jenna.powers709@outlook.com,Sydney,Australia,2026-06-02
426,Shawn,Thompson,shawn.thompson708@yahoo.com,Mumbai,India,2025-07-20
427,Ryan,Fields,ryan.fields705@outlook.com,London,United Kingdom,2025-04-30
428,James,Wang,james.wang201@gmail.com,Seattle,USA,2024-08-02
429,Jacob,Wong,jacob.wong756@icloud.com,Bengaluru,India,2025-11-17
430,Stephen,Casey,stephen.casey450@icloud.com,Chicago,USA,2026-03-19
431,Patrick,Walton,patrick.walton179@icloud.com,London,United Kingdom,2026-06-14
432,Timothy,Moore,timothy.moore650@gmail.com,London,United Kingdom,2026-06-12
433,Susan,Evans,susan.evans527@yahoo.com,Hyderabad,India,2025-09-26
434,Thomas,Sweeney,thomas.sweeney780@yahoo.com,Hyderabad,India,2024-05-26
435,John,Johnson,john.johnson7@icloud.com,Mumbai,India,2025-07-16
436,Melvin,Norton,melvin.norton894@outlook.com,New York,USA,2024-03-07
437,Aaron,Johnson,aaron.johnson146@gmail.com,Seattle,USA,2025-05-22
438,Sean,Burton,sean.burton125@icloud.com,Seattle,USA,2024-11-02
439,Brandon,Hart,brandon.hart627@gmail.com,Bengaluru,India,2026-06-16
440,Erik,Hunter,erik.hunter128@gmail.com,Bengaluru,India,2024-03-22
441,Timothy,Johnson,timothy.johnson364@yahoo.com,Hyderabad,India,2025-03-29
442,Monica,Cook,monica.cook519@icloud.com,Berlin,Germany,2025-04-21
443,Douglas,Kirby,douglas.kirby331@yahoo.com,Bengaluru,India,2025-02-07
444,Jim,Valenzuela,jim.valenzuela6@icloud.com,Chicago,USA,2025-08-22
445,Theresa,Maddox,theresa.maddox893@icloud.com,Chicago,USA,2025-03-29
446,Christopher,Morales,christopher.morales575@gmail.com,London,United Kingdom,2025-12-23
447,Joshua,Grant,joshua.grant788@outlook.com,Chicago,USA,2023-12-16
448,Gregory,Bennett,gregory.bennett51@outlook.com,New York,USA,2026-05-11
449,Cindy,Diaz,cindy.diaz664@gmail.com,New York,USA,2026-05-01
450,Christian,Scott,christian.scott34@yahoo.com,Delhi,India,2026-03-06
451,Michael,Reilly,michael.reilly673@gmail.com,Hyderabad,India,2026-02-27
452,Tracy,Carlson,tracy.carlson400@yahoo.com,Chicago,USA,2026-06-20
453,Tina,Castillo,tina.castillo464@yahoo.com,Chicago,USA,2025-01-17
454,Stephanie,Warren,stephanie.warren929@icloud.com,Hyderabad,India,2023-10-01
455,Regina,Howard,regina.howard32@icloud.com,Hyderabad,India,2023-09-13
456,Walter,Price,walter.price26@yahoo.com,Bengaluru,India,2024-01-22
457,Willie,Sanders,willie.sanders484@gmail.com,Sydney,Australia,2025-04-02
458,Angela,Brown,angela.brown438@gmail.com,Mumbai,India,2025-11-11
459,Denise,Bell,denise.bell387@outlook.com,Hyderabad,India,2025-11-22
460,Alexis,Anderson,alexis.anderson798@yahoo.com,Bengaluru,India,2025-01-28
461,Suzanne,Thompson,suzanne.thompson120@icloud.com,Delhi,India,2025-07-08
462,Amy,Evans,amy.evans940@yahoo.com,Chennai,India,2024-02-10
463,Suzanne,Anthony,suzanne.anthony914@icloud.com,Delhi,India,2024-11-24
464,Lauren,Martin,lauren.martin990@gmail.com,Chennai,India,2024-12-11
465,George,Williams,george.williams559@outlook.com,Sydney,Australia,2025-03-15
466,Tina,Smith,tina.smith197@outlook.com,Bengaluru,India,2025-08-28
467,Michelle,Henry,michelle.henry650@icloud.com,New York,USA,2025-05-09
468,Benjamin,Sims,benjamin.sims639@outlook.com,Chennai,India,2026-03-06
469,Ashley,Pearson,ashley.pearson343@outlook.com,Hyderabad,India,2025-10-11
470,Evan,Castro,evan.castro747@icloud.com,Chennai,India,2025-01-29
471,Jacob,Hill,jacob.hill223@gmail.com,Mumbai,India,2023-07-15
472,Daniel,Spence,daniel.spence215@gmail.com,New York,USA,2024-06-10
473,Deborah,Williams,deborah.williams896@gmail.com,Chennai,India,2024-05-13
474,Veronica,Prince,veronica.prince582@outlook.com,Mumbai,India,2024-09-07
475,Michael,Glass,michael.glass47@outlook.com,Chicago,USA,2025-06-11
476,Gregory,Hill,gregory.hill521@outlook.com,Delhi,India,2025-09-24
477,Robin,Thompson,robin.thompson263@outlook.com,Berlin,Germany,2024-08-07
478,David,Brown,david.brown174@icloud.com,Seattle,USA,2024-02-05
479,Robert,Anderson,robert.anderson127@outlook.com,Seattle,USA,2024-11-14
480,Alexander,Rodriguez,alexander.rodriguez769@yahoo.com,Chennai,India,2025-10-27
481,Darren,Hayes,darren.hayes284@gmail.com,Mumbai,India,2024-09-13
482,James,Rogers,james.rogers632@icloud.com,Bengaluru,India,2025-07-21
483,Evelyn,Young,evelyn.young949@icloud.com,Berlin,Germany,2025-01-17
484,Jennifer,Harris,jennifer.harris782@icloud.com,Chicago,USA,2023-08-01
485,Brooke,Middleton,brooke.middleton319@gmail.com,New York,USA,2024-04-07
486,Chris,Miles,chris.miles972@yahoo.com,Chicago,USA,2024-11-14
487,Jamie,Adams,jamie.adams495@outlook.com,Mumbai,India,2024-10-22
488,Randall,Adams,randall.adams581@icloud.com,Delhi,India,2026-02-08
489,Joshua,Patton,joshua.patton608@icloud.com,Mumbai,India,2026-04-30
490,Mark,Dalton,mark.dalton330@outlook.com,Bengaluru,India,2025-05-13
491,Anthony,Moore,anthony.moore246@gmail.com,Sydney,Australia,2024-07-03
492,Sara,Nunez,sara.nunez101@gmail.com,Delhi,India,2026-02-03
493,Christine,Ortega,christine.ortega507@gmail.com,Seattle,USA,2024-01-07
494,Joyce,Baker,joyce.baker334@yahoo.com,Bengaluru,India,2025-10-19
495,Rebecca,Humphrey,rebecca.humphrey901@yahoo.com,Hyderabad,India,2023-07-18
496,Rebecca,Brown,rebecca.brown427@yahoo.com,Mumbai,India,2026-03-11
497,Lacey,Stark,lacey.stark43@outlook.com,Chicago,USA,2025-05-18
498,Steven,Bell,steven.bell783@gmail.com,Chennai,India,2025-12-03
499,Lawrence,Koch,lawrence.koch930@gmail.com,New York,USA,2023-12-29
500,Matthew,Scott,matthew.scott69@gmail.com,Seattle,USA,2024-06-12
501,Elizabeth,Rice,elizabeth.rice160@outlook.com,Berlin,Germany,2026-01-22
502,John,Hale,john.hale771@icloud.com,London,United Kingdom,2023-12-18
503,Tony,Campos,tony.campos253@yahoo.com,New York,USA,2024-05-15
504,Andrew,Cross,andrew.cross617@gmail.com,Chennai,India,2023-10-14
505,Sarah,Valentine,sarah.valentine780@yahoo.com,Seattle,USA,2024-10-23
506,Alex,Miller,alex.miller963@yahoo.com,Delhi,India,2024-02-16
507,Scott,Carroll,scott.carroll523@outlook.com,Hyderabad,India,2024-04-19
508,Vincent,Hernandez,vincent.hernandez455@yahoo.com,Seattle,USA,2024-08-22
509,Sarah,Barrett,sarah.barrett540@icloud.com,Chennai,India,2024-02-28
510,Sandra,Brown,sandra.brown900@gmail.com,Sydney,Australia,2025-11-22
511,Dennis,Martinez,dennis.martinez996@gmail.com,Hyderabad,India,2026-07-06
512,Dustin,Davenport,dustin.davenport960@icloud.com,Seattle,USA,2024-09-05
513,Adam,Casey,adam.casey920@icloud.com,Chicago,USA,2026-02-07
514,Eric,Proctor,eric.proctor707@gmail.com,Berlin,Germany,2026-03-11
515,Kristi,Mendoza,kristi.mendoza342@icloud.com,New York,USA,2025-05-29
516,Chad,Chandler,chad.chandler111@yahoo.com,Berlin,Germany,2024-10-31
517,Kim,Martinez,kim.martinez514@yahoo.com,Berlin,Germany,2025-11-21
518,John,Johnson,john.johnson207@icloud.com,Sydney,Australia,2024-09-22
519,Kimberly,Thompson,kimberly.thompson30@gmail.com,Chicago,USA,2025-06-19
520,Timothy,Ortega,timothy.ortega539@outlook.com,Seattle,USA,2025-11-17
521,Joshua,Salas,joshua.salas411@gmail.com,Chennai,India,2023-11-03
522,Andrew,Marsh,andrew.marsh940@outlook.com,Seattle,USA,2025-01-29
523,John,Khan,john.khan81@icloud.com,Seattle,USA,2025-05-12
524,Stephen,Tran,stephen.tran96@outlook.com,Delhi,India,2024-08-09
525,Gary,Jackson,gary.jackson272@gmail.com,Bengaluru,India,2024-01-04
526,Tyler,Jenkins,tyler.jenkins806@icloud.com,Delhi,India,2023-09-29
527,Courtney,Pham,courtney.pham860@yahoo.com,Berlin,Germany,2026-03-12
528,Charles,Carr,charles.carr390@gmail.com,Chicago,USA,2024-05-05
529,Stacey,Bush,stacey.bush323@icloud.com,New York,USA,2025-07-19
530,Susan,Schwartz,susan.schwartz971@outlook.com,London,United Kingdom,2025-03-06
531,Christopher,Williams,christopher.williams552@outlook.com,Seattle,USA,2025-03-09
532,Jamie,Ramsey,jamie.ramsey714@yahoo.com,Hyderabad,India,2025-02-06
533,Rebecca,Hernandez,rebecca.hernandez414@icloud.com,Sydney,Australia,2023-08-17
534,Amanda,Carter,amanda.carter217@outlook.com,Seattle,USA,2025-12-19
535,Lisa,Wells,lisa.wells521@outlook.com,Chennai,India,2026-03-30
536,Catherine,Mclean,catherine.mclean762@gmail.com,Mumbai,India,2025-06-04
537,Ashley,Leonard,ashley.leonard959@gmail.com,Bengaluru,India,2023-08-04
538,Joel,Miller,joel.miller550@gmail.com,Chennai,India,2024-12-08
539,Brenda,Vincent,brenda.vincent499@icloud.com,Delhi,India,2026-03-08
540,Tammy,Noble,tammy.noble319@icloud.com,Bengaluru,India,2025-12-18
541,Caroline,Terrell,caroline.terrell228@yahoo.com,Seattle,USA,2024-04-09
542,Wayne,Jenkins,wayne.jenkins422@yahoo.com,Delhi,India,2023-11-11
543,Hayden,Doyle,hayden.doyle535@yahoo.com,Chennai,India,2023-11-08
544,Joseph,Small,joseph.small826@gmail.com,Berlin,Germany,2024-07-10
545,Alejandra,Reed,alejandra.reed716@outlook.com,Berlin,Germany,2025-03-15
546,William,Cox,william.cox519@yahoo.com,Berlin,Germany,2025-01-20
547,Duane,Price,duane.price939@gmail.com,Berlin,Germany,2024-02-03
548,Robert,Griffin,robert.griffin304@outlook.com,Seattle,USA,2026-02-21
549,Abigail,Thomas,abigail.thomas564@yahoo.com,Delhi,India,2023-10-28
550,Tiffany,Brown,tiffany.brown735@yahoo.com,London,United Kingdom,2025-02-23
551,Shane,Price,shane.price651@yahoo.com,New York,USA,2026-05-17
552,Scott,Mendez,scott.mendez39@icloud.com,Chicago,USA,2025-12-05
553,Brent,Turner,brent.turner806@outlook.com,Hyderabad,India,2023-07-29
554,Jasmine,Pitts,jasmine.pitts208@gmail.com,Bengaluru,India,2026-02-02
555,Samantha,Stafford,samantha.stafford130@yahoo.com,New York,USA,2025-09-19
556,Chris,Taylor,chris.taylor150@gmail.com,Berlin,Germany,2023-12-06
557,Eric,Mccullough,eric.mccullough823@gmail.com,Bengaluru,India,2023-10-14
558,Angela,Richards,angela.richards530@yahoo.com,Hyderabad,India,2025-05-24
559,Rachel,Santiago,rachel.santiago86@gmail.com,Hyderabad,India,2025-05-16
560,Andrew,Grant,andrew.grant772@yahoo.com,Chicago,USA,2024-02-19
561,Robert,Fischer,robert.fischer617@icloud.com,Hyderabad,India,2023-10-28
562,Antonio,Sims,antonio.sims490@outlook.com,Delhi,India,2025-05-09
563,Jason,Dixon,jason.dixon449@outlook.com,Chicago,USA,2026-02-03
564,Jennifer,Lopez,jennifer.lopez60@icloud.com,Sydney,Australia,2026-02-15
565,Zachary,Gallagher,zachary.gallagher683@icloud.com,Chennai,India,2024-10-15
566,Lisa,Orozco,lisa.orozco908@icloud.com,New York,USA,2026-01-28
567,Joshua,Mooney,joshua.mooney209@outlook.com,Chennai,India,2025-11-28
568,Donna,Welch,donna.welch488@outlook.com,New York,USA,2024-05-03
569,Carla,Turner,carla.turner469@outlook.com,New York,USA,2025-08-08
570,Sandra,Young,sandra.young908@outlook.com,Chennai,India,2025-07-18
571,Rachel,Perry,rachel.perry739@icloud.com,Berlin,Germany,2025-11-17
572,Rachel,Oliver,rachel.oliver100@outlook.com,Chennai,India,2024-01-18
573,Kim,Martinez,kim.martinez342@icloud.com,Sydney,Australia,2025-10-11
574,Kari,Young,kari.young629@gmail.com,Chicago,USA,2026-05-06
575,Scott,Bautista,scott.bautista802@icloud.com,Hyderabad,India,2023-11-01
576,James,Valdez,james.valdez498@yahoo.com,Chicago,USA,2025-09-03
577,Amanda,Moreno,amanda.moreno333@yahoo.com,Seattle,USA,2024-10-01
578,Michelle,Burns,michelle.burns130@icloud.com,Seattle,USA,2026-03-07
579,David,Jones,david.jones975@gmail.com,Hyderabad,India,2024-09-17
580,Cynthia,Banks,cynthia.banks322@gmail.com,Bengaluru,India,2023-11-27
581,Donna,Smith,donna.smith975@icloud.com,Mumbai,India,2024-03-20
582,Jacob,Boyle,jacob.boyle961@gmail.com,Chennai,India,2026-07-07
583,Nicole,Kaiser,nicole.kaiser915@outlook.com,Chicago,USA,2023-12-25
584,Kimberly,Johns,kimberly.johns125@yahoo.com,New York,USA,2024-08-01
585,Ashley,Vaughn,ashley.vaughn164@outlook.com,Berlin,Germany,2025-09-03
586,Joshua,Henry,joshua.henry778@icloud.com,London,United Kingdom,2025-06-02
587,Jared,Price,jared.price542@icloud.com,Bengaluru,India,2024-01-13
588,Karen,Dyer,karen.dyer573@gmail.com,London,United Kingdom,2025-11-08
589,Brandon,Cook,brandon.cook393@outlook.com,Chicago,USA,2024-07-11
590,Nicholas,Macias,nicholas.macias444@icloud.com,Berlin,Germany,2024-08-21
591,Margaret,Buck,margaret.buck191@outlook.com,Delhi,India,2025-03-14
592,Tamara,Fisher,tamara.fisher652@yahoo.com,Chennai,India,2024-10-18
593,Morgan,Lloyd,morgan.lloyd650@yahoo.com,Hyderabad,India,2024-03-16
594,Timothy,Murray,timothy.murray329@gmail.com,Delhi,India,2024-04-21
595,Amanda,Sanders,amanda.sanders70@yahoo.com,Bengaluru,India,2024-01-26
596,Christopher,Peterson,christopher.peterson190@outlook.com,Chennai,India,2026-02-19
597,Melanie,Butler,melanie.butler363@icloud.com,Seattle,USA,2024-02-27
598,Cody,Roy,cody.roy263@outlook.com,Sydney,Australia,2025-12-14
599,Amanda,Vega,amanda.vega261@gmail.com,Seattle,USA,2025-03-12
600,Matthew,Freeman,matthew.freeman523@icloud.com,Sydney,Australia,2024-01-29
601,Michael,Williams,michael.williams377@yahoo.com,New York,USA,2023-07-31
602,Angela,Nelson,angela.nelson867@gmail.com,Hyderabad,India,2024-09-19
603,Brian,Thompson,brian.thompson3@icloud.com,Chennai,India,2026-04-11
604,Lisa,Smith,lisa.smith831@outlook.com,Chicago,USA,2025-09-15
605,Heather,Brown,heather.brown262@gmail.com,Sydney,Australia,2023-11-14
606,Brianna,Dominguez,brianna.dominguez776@yahoo.com,Delhi,India,2024-06-22
607,Brian,Martin,brian.martin825@yahoo.com,New York,USA,2026-05-09
608,Katrina,Santana,katrina.santana731@yahoo.com,Bengaluru,India,2025-10-24
609,James,Ferguson,james.ferguson881@yahoo.com,Chennai,India,2026-06-02
610,Kristina,Baldwin,kristina.baldwin805@gmail.com,Seattle,USA,2025-09-15
611,Chelsea,Hendricks,chelsea.hendricks723@outlook.com,Bengaluru,India,2023-07-10
612,Antonio,Ellis,antonio.ellis444@yahoo.com,Bengaluru,India,2023-07-15
613,Brandon,Cole,brandon.cole392@outlook.com,Berlin,Germany,2025-01-27
614,Jordan,Berg,jordan.berg501@outlook.com,Chicago,USA,2024-03-02
615,Christine,Gardner,christine.gardner847@gmail.com,Berlin,Germany,2026-06-14
616,Joseph,Herman,joseph.herman327@icloud.com,Chicago,USA,2025-06-02
617,Bethany,Hudson,bethany.hudson850@gmail.com,Bengaluru,India,2025-08-08
618,Melissa,Finley,melissa.finley243@outlook.com,Bengaluru,India,2025-09-18
619,Steven,Powers,steven.powers56@gmail.com,Delhi,India,2025-05-12
620,Allison,Walls,allison.walls656@icloud.com,Seattle,USA,2026-01-25
621,Justin,Castro,justin.castro303@icloud.com,Bengaluru,India,2024-06-14
622,William,Thompson,william.thompson486@icloud.com,Bengaluru,India,2026-05-20
623,Kenneth,Greer,kenneth.greer748@yahoo.com,New York,USA,2025-11-20
624,Brooke,Klein,brooke.klein78@icloud.com,New York,USA,2025-01-09
625,Jared,Jones,jared.jones791@gmail.com,Chicago,USA,2026-03-10
626,Jonathan,Rogers,jonathan.rogers247@icloud.com,Chicago,USA,2024-04-17
627,John,Young,john.young277@gmail.com,Berlin,Germany,2023-11-18
628,Jonathan,Martin,jonathan.martin474@yahoo.com,Bengaluru,India,2025-04-28
629,Donna,Wilson,donna.wilson611@icloud.com,Mumbai,India,2025-11-14
630,Holly,Brown,holly.brown367@icloud.com,Chennai,India,2024-01-24
631,Robin,Mason,robin.mason336@icloud.com,Sydney,Australia,2023-12-28
632,Patrick,Parker,patrick.parker628@gmail.com,Chennai,India,2023-08-17
633,Cheryl,Anderson,cheryl.anderson771@gmail.com,London,United Kingdom,2024-12-22
634,Barbara,Sims,barbara.sims594@gmail.com,Chennai,India,2025-09-04
635,Michael,Finley,michael.finley42@outlook.com,Chicago,USA,2023-11-07
636,Molly,Welch,molly.welch961@icloud.com,Delhi,India,2023-08-18
637,Christina,Thomas,christina.thomas535@outlook.com,Mumbai,India,2025-12-28
638,William,Deleon,william.deleon757@outlook.com,Seattle,USA,2023-09-27
639,Timothy,Moreno,timothy.moreno783@gmail.com,Chicago,USA,2026-04-11
640,Steven,Cooper,steven.cooper862@outlook.com,Sydney,Australia,2023-12-22
641,James,Jackson,james.jackson389@outlook.com,Seattle,USA,2023-08-24
642,Charles,Leonard,charles.leonard804@gmail.com,Chicago,USA,2024-03-27
643,Sydney,Clark,sydney.clark333@outlook.com,Sydney,Australia,2023-07-28
644,Garrett,Campbell,garrett.campbell13@outlook.com,Chicago,USA,2025-01-01
645,Kimberly,Simpson,kimberly.simpson814@outlook.com,Seattle,USA,2025-11-06
646,Jeffrey,Flores,jeffrey.flores557@outlook.com,Sydney,Australia,2024-10-19
647,Dennis,Ortiz,dennis.ortiz445@yahoo.com,Seattle,USA,2025-04-02
648,Robert,Murphy,robert.murphy206@gmail.com,Bengaluru,India,2025-03-22
649,Stacey,Jackson,stacey.jackson522@gmail.com,London,United Kingdom,2026-05-08
650,Thomas,Gordon,thomas.gordon242@gmail.com,Seattle,USA,2026-04-12
651,Kenneth,Hayes,kenneth.hayes531@gmail.com,Hyderabad,India,2026-07-01
652,Cole,Hicks,cole.hicks620@gmail.com,Sydney,Australia,2024-05-19
653,William,Harper,william.harper655@icloud.com,Chennai,India,2025-03-21
654,Melissa,Mueller,melissa.mueller217@yahoo.com,Mumbai,India,2023-09-29
655,Kelly,Jefferson,kelly.jefferson752@outlook.com,Sydney,Australia,2023-11-22
656,Heather,Wilson,heather.wilson95@outlook.com,Seattle,USA,2023-12-13
657,Nancy,Cook,nancy.cook887@icloud.com,Chicago,USA,2026-05-30
658,Katelyn,Gaines,katelyn.gaines630@gmail.com,Chicago,USA,2025-02-08
659,Christopher,Adams,christopher.adams838@outlook.com,Hyderabad,India,2026-03-22
660,Tina,Hanson,tina.hanson751@yahoo.com,Seattle,USA,2024-01-25
661,Erin,Chavez,erin.chavez2@outlook.com,Sydney,Australia,2023-08-26
662,Brad,Williams,brad.williams624@gmail.com,Berlin,Germany,2025-10-02
663,Frank,Dodson,frank.dodson522@yahoo.com,Berlin,Germany,2024-12-04
664,Crystal,Gaines,crystal.gaines642@icloud.com,Bengaluru,India,2024-11-27
665,Jeffery,Durham,jeffery.durham88@outlook.com,Bengaluru,India,2023-10-12
666,Brian,Dennis,brian.dennis291@outlook.com,Bengaluru,India,2023-11-04
667,Jeffrey,Anderson,jeffrey.anderson942@outlook.com,Sydney,Australia,2025-04-06
668,Emily,Young,emily.young696@gmail.com,New York,USA,2026-06-21
669,Suzanne,Mendez,suzanne.mendez540@gmail.com,Chennai,India,2023-09-14
670,Tracey,Hernandez,tracey.hernandez108@gmail.com,Seattle,USA,2026-06-29
671,Patricia,Collier,patricia.collier978@outlook.com,London,United Kingdom,2023-07-24
672,Anthony,Hughes,anthony.hughes544@yahoo.com,Chennai,India,2024-06-23
673,Breanna,Wolf,breanna.wolf159@icloud.com,Mumbai,India,2026-02-01
674,Gina,Mason,gina.mason700@outlook.com,London,United Kingdom,2023-11-02
675,Ronald,Fields,ronald.fields181@outlook.com,Mumbai,India,2024-01-24
676,Emily,Bradford,emily.bradford28@yahoo.com,Delhi,India,2024-02-16
677,Chad,Hancock,chad.hancock392@yahoo.com,Delhi,India,2024-02-07
678,Diane,Rivera,diane.rivera310@yahoo.com,Chennai,India,2024-08-08
679,Elizabeth,Roberson,elizabeth.roberson751@yahoo.com,London,United Kingdom,2025-12-27
680,Joseph,York,joseph.york370@outlook.com,Berlin,Germany,2024-07-31
681,Anthony,Morrison,anthony.morrison294@yahoo.com,Mumbai,India,2023-07-25
682,Ashlee,Herrera,ashlee.herrera112@outlook.com,Hyderabad,India,2023-10-07
683,Linda,Gonzalez,linda.gonzalez162@yahoo.com,Hyderabad,India,2023-11-28
684,Zachary,Ayala,zachary.ayala642@yahoo.com,Hyderabad,India,2023-08-16
685,Thomas,Jackson,thomas.jackson7@outlook.com,Hyderabad,India,2023-09-13
686,Kimberly,Jensen,kimberly.jensen395@outlook.com,Berlin,Germany,2024-02-03
687,Melanie,Austin,melanie.austin922@yahoo.com,Delhi,India,2025-05-07
688,Douglas,Harmon,douglas.harmon695@gmail.com,Berlin,Germany,2026-02-03
689,William,Mcgee,william.mcgee479@gmail.com,New York,USA,2026-04-11
690,Desiree,Terry,desiree.terry826@gmail.com,New York,USA,2025-03-11
691,Tina,Odom,tina.odom742@icloud.com,Seattle,USA,2024-07-09
692,Samuel,Thomas,samuel.thomas779@outlook.com,Seattle,USA,2023-10-05
693,Nicole,Mooney,nicole.mooney50@yahoo.com,Mumbai,India,2024-08-12
694,Lisa,Price,lisa.price294@icloud.com,London,United Kingdom,2025-08-17
695,Patricia,Miller,patricia.miller789@outlook.com,London,United Kingdom,2025-03-12
696,Christian,Smith,christian.smith909@yahoo.com,Bengaluru,India,2024-10-29
697,Elaine,Stewart,elaine.stewart241@gmail.com,Chicago,USA,2024-06-15
698,Jeremy,Hunter,jeremy.hunter985@icloud.com,Berlin,Germany,2023-10-28
699,Kathleen,Ponce,kathleen.ponce986@outlook.com,New York,USA,2024-12-04
700,Randall,Mcdonald,randall.mcdonald824@gmail.com,Chennai,India,2026-04-15
701,Courtney,Perry,courtney.perry943@outlook.com,Chennai,India,2025-10-06
702,Sara,Smith,sara.smith983@gmail.com,London,United Kingdom,2024-01-28
703,Laura,Eaton,laura.eaton428@yahoo.com,New York,USA,2024-10-09
704,Kathryn,Thomas,kathryn.thomas840@outlook.com,Mumbai,India,2026-05-03
705,Nicholas,Farrell,nicholas.farrell283@gmail.com,Berlin,Germany,2024-05-14
706,Kimberly,Miles,kimberly.miles86@yahoo.com,Berlin,Germany,2025-08-16
707,Debbie,Anderson,debbie.anderson9@yahoo.com,Berlin,Germany,2024-05-07
708,Renee,Young,renee.young150@icloud.com,Chennai,India,2026-03-29
709,Michael,Navarro,michael.navarro730@gmail.com,Mumbai,India,2023-10-18
710,Valerie,Jordan,valerie.jordan406@yahoo.com,Bengaluru,India,2023-09-20
711,Aaron,Henry,aaron.henry155@outlook.com,London,United Kingdom,2025-10-27
712,Patricia,Mcgrath,patricia.mcgrath322@outlook.com,Delhi,India,2025-04-21
713,Amy,Jenkins,amy.jenkins890@icloud.com,Chicago,USA,2024-10-12
714,Corey,Young,corey.young390@gmail.com,Hyderabad,India,2025-06-26
715,Roger,Jennings,roger.jennings164@outlook.com,London,United Kingdom,2024-12-26
716,James,Perez,james.perez922@icloud.com,New York,USA,2026-02-12
717,Jesse,Ortiz,jesse.ortiz793@icloud.com,London,United Kingdom,2024-11-24
718,James,Savage,james.savage53@outlook.com,Delhi,India,2024-01-27
719,John,Nolan,john.nolan220@outlook.com,Chennai,India,2026-03-26
720,Lisa,Sullivan,lisa.sullivan787@gmail.com,Chennai,India,2024-06-23
721,Ruth,Davis,ruth.davis225@icloud.com,Seattle,USA,2024-10-31
722,Tracie,Andrews,tracie.andrews730@gmail.com,London,United Kingdom,2026-06-25
723,Natasha,Johnston,natasha.johnston315@gmail.com,Seattle,USA,2023-09-26
724,Leroy,Mccarthy,leroy.mccarthy373@icloud.com,London,United Kingdom,2024-01-07
725,Harry,Greer,harry.greer102@yahoo.com,Berlin,Germany,2024-01-16
726,Marcia,Garza,marcia.garza742@gmail.com,Delhi,India,2025-05-12
727,Cynthia,Abbott,cynthia.abbott3@gmail.com,Berlin,Germany,2023-11-06
728,Sherry,Mendoza,sherry.mendoza395@yahoo.com,Seattle,USA,2025-03-21
729,Craig,Roth,craig.roth362@icloud.com,Berlin,Germany,2024-05-16
730,John,Brooks,john.brooks76@icloud.com,Mumbai,India,2024-09-24
731,Mary,Mendoza,mary.mendoza985@icloud.com,Sydney,Australia,2025-12-07
732,Paul,Hodges,paul.hodges98@outlook.com,Chennai,India,2024-11-28
733,Tanya,Porter,tanya.porter775@gmail.com,Chennai,India,2025-06-27
734,Ryan,Young,ryan.young976@gmail.com,Sydney,Australia,2024-09-01
735,Amy,Martinez,amy.martinez311@yahoo.com,New York,USA,2023-10-09
736,Kevin,Oliver,kevin.oliver938@icloud.com,Seattle,USA,2024-08-12
737,Richard,Walker,richard.walker266@outlook.com,Hyderabad,India,2025-08-26
738,Sarah,Evans,sarah.evans411@yahoo.com,Chennai,India,2026-03-23
739,Alexandra,Mitchell,alexandra.mitchell176@yahoo.com,Hyderabad,India,2025-03-03
740,Donna,Massey,donna.massey645@yahoo.com,Hyderabad,India,2026-04-04
741,April,Lee,april.lee427@icloud.com,Delhi,India,2023-08-23
742,David,Chung,david.chung657@outlook.com,Seattle,USA,2026-02-05
743,Paige,Ramirez,paige.ramirez542@gmail.com,Bengaluru,India,2024-07-26
744,Susan,Frye,susan.frye343@yahoo.com,Chicago,USA,2024-04-26
745,Karen,Williams,karen.williams139@outlook.com,Chennai,India,2024-09-01
746,Carl,Hopkins,carl.hopkins245@outlook.com,Berlin,Germany,2023-08-08
747,Hannah,Wilson,hannah.wilson584@yahoo.com,New York,USA,2024-03-17
748,Debbie,Montes,debbie.montes699@yahoo.com,Delhi,India,2023-12-22
749,Jasmine,Miller,jasmine.miller331@gmail.com,London,United Kingdom,2025-11-13
750,Carol,Johnson,carol.johnson572@yahoo.com,Bengaluru,India,2025-07-01
751,Earl,Smith,earl.smith598@gmail.com,London,United Kingdom,2025-07-08
752,Anthony,Tate,anthony.tate91@icloud.com,Chennai,India,2026-07-06
753,Kenneth,Ramirez,kenneth.ramirez96@yahoo.com,Chicago,USA,2025-10-17
754,Tracy,Henry,tracy.henry151@icloud.com,London,United Kingdom,2023-10-14
755,Jessica,Smith,jessica.smith233@outlook.com,Chennai,India,2024-04-25
756,Melissa,Jackson,melissa.jackson163@outlook.com,Delhi,India,2023-11-23
757,Carol,Rios,carol.rios895@icloud.com,Sydney,Australia,2024-11-24
758,Peter,Lee,peter.lee966@gmail.com,Sydney,Australia,2026-03-01
759,Anthony,Green,anthony.green777@yahoo.com,Delhi,India,2025-05-13
760,Jason,Pearson,jason.pearson789@icloud.com,Hyderabad,India,2026-02-08
761,Timothy,Thomas,timothy.thomas613@outlook.com,Seattle,USA,2023-07-29
762,Jill,Harper,jill.harper786@icloud.com,New York,USA,2024-09-10
763,Ashley,Mills,ashley.mills89@outlook.com,Seattle,USA,2023-07-25
764,Matthew,Brown,matthew.brown593@outlook.com,London,United Kingdom,2024-01-26
765,Gary,Payne,gary.payne631@icloud.com,Seattle,USA,2026-01-10
766,Daniel,Patterson,daniel.patterson197@yahoo.com,Bengaluru,India,2025-07-04
767,Dale,Smith,dale.smith843@outlook.com,Hyderabad,India,2024-02-16
768,Connor,Brown,connor.brown576@icloud.com,Chennai,India,2025-02-21
769,Andrew,Welch,andrew.welch627@yahoo.com,Bengaluru,India,2026-06-13
770,David,Ross,david.ross973@icloud.com,Delhi,India,2025-04-14
771,Christopher,Reeves,christopher.reeves502@icloud.com,London,United Kingdom,2025-06-05
772,Mary,Stewart,mary.stewart478@icloud.com,Hyderabad,India,2024-05-20
773,Connie,Stephens,connie.stephens867@outlook.com,Chicago,USA,2023-07-18
774,Anthony,Carr,anthony.carr460@yahoo.com,Chicago,USA,2024-06-22
775,Matthew,Adams,matthew.adams589@yahoo.com,Bengaluru,India,2026-01-15
776,James,Weeks,james.weeks725@gmail.com,London,United Kingdom,2024-09-27
777,Victor,Bass,victor.bass258@yahoo.com,Sydney,Australia,2025-11-14
778,Sarah,Lee,sarah.lee270@yahoo.com,Seattle,USA,2025-10-24
779,Katherine,Hodges,katherine.hodges377@yahoo.com,London,United Kingdom,2024-09-09
780,Julie,Robinson,julie.robinson230@yahoo.com,Bengaluru,India,2025-08-23
781,Mary,Wilson,mary.wilson922@icloud.com,Chicago,USA,2024-01-17
782,Taylor,Chapman,taylor.chapman626@yahoo.com,New York,USA,2025-09-19
783,Patricia,Chavez,patricia.chavez573@outlook.com,Chennai,India,2024-08-17
784,Carly,Ross,carly.ross389@yahoo.com,Delhi,India,2025-01-09
785,Donna,Crawford,donna.crawford168@outlook.com,London,United Kingdom,2023-07-18
786,Stacy,Frank,stacy.frank371@outlook.com,Bengaluru,India,2025-09-04
787,David,Sparks,david.sparks55@yahoo.com,New York,USA,2024-10-02
788,Kevin,Contreras,kevin.contreras933@gmail.com,New York,USA,2023-11-04
789,Tara,Myers,tara.myers916@icloud.com,Chennai,India,2024-03-26
790,Juan,Kelly,juan.kelly108@icloud.com,Hyderabad,India,2023-08-22
791,Stacy,Hernandez,stacy.hernandez772@icloud.com,Chennai,India,2025-10-13
792,Angela,Kim,angela.kim743@yahoo.com,Bengaluru,India,2024-08-01
793,Jesse,Robertson,jesse.robertson960@icloud.com,Bengaluru,India,2024-04-20
794,Michelle,Gray,michelle.gray232@gmail.com,Delhi,India,2025-07-24
795,Brandon,Williams,brandon.williams701@icloud.com,Delhi,India,2024-03-17
796,Margaret,Rich,margaret.rich993@gmail.com,London,United Kingdom,2026-06-01
797,Kathleen,Conrad,kathleen.conrad252@icloud.com,Chicago,USA,2023-09-15
798,Candice,Summers,candice.summers133@outlook.com,Berlin,Germany,2024-12-18
799,Aaron,Allen,aaron.allen176@yahoo.com,Bengaluru,India,2024-03-23
800,Andrea,Stone,andrea.stone332@gmail.com,Berlin,Germany,2026-03-30
801,Jessica,Banks,jessica.banks149@outlook.com,Delhi,India,2026-01-24
802,Benjamin,Moran,benjamin.moran621@gmail.com,Chicago,USA,2025-07-05
803,Mark,Murphy,mark.murphy299@gmail.com,Seattle,USA,2024-04-22
804,Michael,Butler,michael.butler981@yahoo.com,Hyderabad,India,2025-05-22
805,Todd,Heath,todd.heath994@outlook.com,Sydney,Australia,2025-05-30
806,Sabrina,Ponce,sabrina.ponce459@outlook.com,London,United Kingdom,2025-05-04
807,Zachary,Lopez,zachary.lopez743@icloud.com,Chennai,India,2024-01-16
808,Clinton,Sanchez,clinton.sanchez198@gmail.com,London,United Kingdom,2024-03-16
809,Michael,Preston,michael.preston564@icloud.com,Sydney,Australia,2025-06-05
810,Frank,Grant,frank.grant824@icloud.com,Seattle,USA,2024-06-14
811,Tamara,Peterson,tamara.peterson289@yahoo.com,New York,USA,2026-06-22
812,Christopher,Patterson,christopher.patterson898@icloud.com,Seattle,USA,2025-09-07
813,Jeffrey,Gordon,jeffrey.gordon683@outlook.com,Berlin,Germany,2024-03-28
814,Kristina,Sanchez,kristina.sanchez839@outlook.com,Chicago,USA,2025-04-29
815,Kristina,Hudson,kristina.hudson733@outlook.com,Sydney,Australia,2023-12-07
816,Claudia,Chung,claudia.chung474@outlook.com,London,United Kingdom,2023-10-26
817,Kimberly,Lawson,kimberly.lawson790@gmail.com,New York,USA,2023-11-14
818,Bryan,Johnson,bryan.johnson867@outlook.com,Sydney,Australia,2025-09-29
819,Christopher,Rodriguez,christopher.rodriguez574@yahoo.com,Delhi,India,2024-08-09
820,Charles,Klein,charles.klein71@outlook.com,Berlin,Germany,2023-09-28
821,James,Patel,james.patel770@outlook.com,Delhi,India,2025-11-30
822,Alicia,Howard,alicia.howard814@gmail.com,Mumbai,India,2025-07-17
823,Brenda,Williams,brenda.williams225@yahoo.com,Delhi,India,2026-01-01
824,Kimberly,Dougherty,kimberly.dougherty680@icloud.com,Sydney,Australia,2026-06-29
825,Nathan,Mosley,nathan.mosley235@gmail.com,London,United Kingdom,2024-08-26
826,Michele,Wiggins,michele.wiggins707@icloud.com,Delhi,India,2024-12-16
827,Krystal,Phillips,krystal.phillips734@yahoo.com,Bengaluru,India,2024-07-16
828,William,Ramos,william.ramos197@outlook.com,Sydney,Australia,2026-06-10
829,Charles,Morse,charles.morse537@icloud.com,Chicago,USA,2025-04-28
830,Xavier,Peterson,xavier.peterson464@icloud.com,Delhi,India,2024-01-03
831,Jonathan,Green,jonathan.green427@icloud.com,Delhi,India,2024-02-02
832,Jasmine,Hancock,jasmine.hancock927@yahoo.com,Delhi,India,2024-12-15
833,Rodney,Mills,rodney.mills419@icloud.com,Chennai,India,2023-11-10
834,Christine,Martin,christine.martin541@outlook.com,Mumbai,India,2025-11-15
835,Katherine,Sanchez,katherine.sanchez643@yahoo.com,Chennai,India,2025-10-28
836,Connie,Lamb,connie.lamb625@gmail.com,Chennai,India,2025-11-22
837,Ryan,Boone,ryan.boone143@outlook.com,Bengaluru,India,2024-01-26
838,Annette,Garcia,annette.garcia892@gmail.com,Mumbai,India,2024-04-03
839,Joshua,Guzman,joshua.guzman196@gmail.com,New York,USA,2025-10-31
840,Jennifer,Ortega,jennifer.ortega920@gmail.com,Berlin,Germany,2024-11-23
841,Luis,Cooper,luis.cooper204@yahoo.com,Berlin,Germany,2025-08-17
842,Greg,Davis,greg.davis243@icloud.com,London,United Kingdom,2024-11-21
843,Cynthia,Soto,cynthia.soto279@yahoo.com,Hyderabad,India,2023-09-13
844,Nancy,Mann,nancy.mann857@yahoo.com,Seattle,USA,2024-06-05
845,Christina,Chandler,christina.chandler454@outlook.com,London,United Kingdom,2024-05-24
846,Savannah,Zimmerman,savannah.zimmerman731@outlook.com,Delhi,India,2025-11-09
847,Leslie,Liu,leslie.liu216@yahoo.com,New York,USA,2025-01-29
848,Jason,Sharp,jason.sharp593@yahoo.com,Chicago,USA,2024-06-14
849,Gail,Deleon,gail.deleon312@outlook.com,Bengaluru,India,2023-09-30
850,Hannah,Johnson,hannah.johnson769@outlook.com,Bengaluru,India,2026-02-17
851,Matthew,Williams,matthew.williams627@outlook.com,London,United Kingdom,2025-09-04
852,Mark,Martin,mark.martin189@outlook.com,Bengaluru,India,2026-05-03
853,Kenneth,Cruz,kenneth.cruz671@gmail.com,Chennai,India,2024-04-16
854,Lucas,Rodriguez,lucas.rodriguez892@gmail.com,Berlin,Germany,2025-11-18
855,Ian,Robinson,ian.robinson718@yahoo.com,Berlin,Germany,2024-04-10
856,Dave,Garcia,dave.garcia817@icloud.com,Chennai,India,2024-02-06
857,Rachel,Long,rachel.long683@icloud.com,Chicago,USA,2026-02-15
858,Cynthia,Young,cynthia.young370@yahoo.com,Sydney,Australia,2026-01-16
859,Malik,Johnson,malik.johnson59@yahoo.com,Bengaluru,India,2026-03-26
860,Ruben,Swanson,ruben.swanson928@yahoo.com,Berlin,Germany,2025-07-23
861,Daniel,Fields,daniel.fields77@yahoo.com,Sydney,Australia,2026-06-17
862,Julie,Wilson,julie.wilson324@gmail.com,Hyderabad,India,2024-04-25
863,Alexandra,Mcclain,alexandra.mcclain882@icloud.com,New York,USA,2024-07-08
864,Tina,Lewis,tina.lewis228@yahoo.com,Bengaluru,India,2024-03-12
865,Scott,Wright,scott.wright925@outlook.com,Seattle,USA,2023-11-29
866,Rachel,Rogers,rachel.rogers933@gmail.com,New York,USA,2026-06-20
867,Brooke,Ramos,brooke.ramos715@yahoo.com,Hyderabad,India,2026-01-24
868,Carol,Perez,carol.perez355@outlook.com,Chennai,India,2026-03-09
869,Mark,Johnson,mark.johnson295@outlook.com,Hyderabad,India,2023-08-26
870,Jose,Bell,jose.bell113@outlook.com,Hyderabad,India,2024-08-17
871,Zoe,Wolfe,zoe.wolfe331@outlook.com,Seattle,USA,2023-09-22
872,Tim,Richards,tim.richards244@outlook.com,Berlin,Germany,2026-06-09
873,Aaron,Orr,aaron.orr898@gmail.com,Delhi,India,2024-05-14
874,Deborah,Smith,deborah.smith591@outlook.com,Berlin,Germany,2024-07-21
875,Rachel,Lloyd,rachel.lloyd15@gmail.com,Seattle,USA,2026-01-16
876,Victoria,Armstrong,victoria.armstrong275@gmail.com,Hyderabad,India,2024-12-14
877,Nicole,Carroll,nicole.carroll724@yahoo.com,New York,USA,2023-07-20
878,Willie,Graves,willie.graves146@gmail.com,Delhi,India,2025-02-27
879,Gina,Gilbert,gina.gilbert848@yahoo.com,Chicago,USA,2023-09-19
880,Benjamin,Manning,benjamin.manning370@yahoo.com,Chennai,India,2025-03-25
881,Laura,Allen,laura.allen387@icloud.com,New York,USA,2024-01-12
882,Elizabeth,Barron,elizabeth.barron648@yahoo.com,Chicago,USA,2025-11-07
883,Joshua,Brown,joshua.brown940@icloud.com,Berlin,Germany,2024-03-30
884,Anna,Webb,anna.webb262@gmail.com,London,United Kingdom,2024-07-19
885,Adriana,Brooks,adriana.brooks238@icloud.com,Berlin,Germany,2026-01-26
886,Jesse,Benjamin,jesse.benjamin524@gmail.com,Chennai,India,2023-09-09
887,Lauren,Johnson,lauren.johnson5@gmail.com,Hyderabad,India,2023-07-16
888,Jason,Davies,jason.davies633@icloud.com,Chennai,India,2024-05-05
889,Taylor,Hayes,taylor.hayes357@gmail.com,Hyderabad,India,2025-11-06
890,Jessica,Thompson,jessica.thompson750@yahoo.com,Berlin,Germany,2023-10-09
891,Laura,Bauer,laura.bauer853@gmail.com,Berlin,Germany,2024-09-01
892,Alex,Anderson,alex.anderson466@gmail.com,Hyderabad,India,2025-04-11
893,Cindy,Torres,cindy.torres425@gmail.com,Chennai,India,2025-09-04
894,Donna,Jackson,donna.jackson364@icloud.com,Chennai,India,2025-05-12
895,Angela,Li,angela.li37@gmail.com,London,United Kingdom,2025-03-19
896,Cindy,Haynes,cindy.haynes778@gmail.com,Bengaluru,India,2023-09-27
897,Joel,Ramirez,joel.ramirez463@outlook.com,Bengaluru,India,2025-03-21
898,Melissa,Richardson,melissa.richardson231@gmail.com,New York,USA,2026-06-14
899,Larry,Riley,larry.riley503@gmail.com,Delhi,India,2025-06-09
900,Christopher,Harris,christopher.harris302@yahoo.com,Bengaluru,India,2024-07-25
901,Katie,Patterson,katie.patterson5@yahoo.com,Berlin,Germany,2025-11-20
902,Richard,Wallace,richard.wallace742@yahoo.com,Berlin,Germany,2024-06-01
903,Mark,West,mark.west545@yahoo.com,Hyderabad,India,2024-01-28
904,Leslie,Marshall,leslie.marshall799@icloud.com,New York,USA,2023-11-25
905,Christopher,Perez,christopher.perez99@icloud.com,Hyderabad,India,2024-08-14
906,Andrew,Blake,andrew.blake965@gmail.com,London,United Kingdom,2025-04-25
907,Jessica,Hurst,jessica.hurst745@yahoo.com,Berlin,Germany,2026-01-19
908,Katherine,Orozco,katherine.orozco465@outlook.com,London,United Kingdom,2025-09-03
909,Kayla,Cross,kayla.cross294@outlook.com,Seattle,USA,2025-01-07
910,Margaret,Martin,margaret.martin377@outlook.com,Berlin,Germany,2024-09-15
911,Kelly,Thomas,kelly.thomas298@outlook.com,Mumbai,India,2023-09-25
912,Tara,Schmidt,tara.schmidt837@yahoo.com,Chicago,USA,2023-11-07
913,Ashley,Dougherty,ashley.dougherty896@icloud.com,Chicago,USA,2023-11-21
914,Jennifer,Myers,jennifer.myers491@icloud.com,Mumbai,India,2023-11-22
915,Jason,Lee,jason.lee845@outlook.com,Sydney,Australia,2026-06-28
916,Jeffery,Smith,jeffery.smith532@yahoo.com,Chennai,India,2026-01-07
917,Chelsea,Olson,chelsea.olson724@outlook.com,Bengaluru,India,2025-06-27
918,Kathryn,May,kathryn.may773@outlook.com,Chennai,India,2026-05-27
919,Christopher,Hogan,christopher.hogan856@outlook.com,Berlin,Germany,2023-09-14
920,Mark,Rocha,mark.rocha488@outlook.com,Chennai,India,2025-11-01
921,James,Keith,james.keith676@gmail.com,Seattle,USA,2026-05-10
922,Shannon,Meyers,shannon.meyers700@gmail.com,Chicago,USA,2024-03-08
923,Kevin,Powell,kevin.powell440@icloud.com,Berlin,Germany,2023-11-19
924,John,Taylor,john.taylor691@outlook.com,Bengaluru,India,2025-02-07
925,Megan,Rodgers,megan.rodgers346@outlook.com,Hyderabad,India,2025-11-19
926,Sandra,Johnson,sandra.johnson114@gmail.com,Delhi,India,2023-11-16
927,Regina,Sanchez,regina.sanchez692@yahoo.com,Delhi,India,2026-01-22
928,Allen,Harvey,allen.harvey342@icloud.com,New York,USA,2025-10-30
929,Jacob,Brown,jacob.brown215@icloud.com,Sydney,Australia,2025-03-21
930,Rhonda,Hunt,rhonda.hunt648@outlook.com,Mumbai,India,2025-10-11
931,Alicia,Cisneros,alicia.cisneros282@icloud.com,Berlin,Germany,2026-05-16
932,Roberto,Stevenson,roberto.stevenson261@icloud.com,Delhi,India,2024-09-06
933,Timothy,Mason,timothy.mason783@yahoo.com,Hyderabad,India,2025-11-22
934,Brandon,Hardy,brandon.hardy216@yahoo.com,Delhi,India,2024-06-14
935,Kelly,Gamble,kelly.gamble199@yahoo.com,Mumbai,India,2023-08-08
936,Connor,Reid,connor.reid855@gmail.com,Delhi,India,2026-02-17
937,Gabriel,Ortiz,gabriel.ortiz999@icloud.com,Sydney,Australia,2025-04-03
938,Lauren,Abbott,lauren.abbott961@icloud.com,Chennai,India,2025-02-28
939,Nicholas,Gordon,nicholas.gordon406@yahoo.com,Berlin,Germany,2026-06-23
940,Micheal,Fowler,micheal.fowler754@yahoo.com,Bengaluru,India,2026-03-01
941,Kayla,Wiggins,kayla.wiggins625@outlook.com,Chicago,USA,2023-11-28
942,Fernando,Berry,fernando.berry431@yahoo.com,Chicago,USA,2025-12-14
943,Rachel,Gregory,rachel.gregory203@outlook.com,London,United Kingdom,2025-02-17
944,Michelle,Ochoa,michelle.ochoa600@yahoo.com,Mumbai,India,2023-11-26
945,Taylor,Good,taylor.good835@yahoo.com,Chicago,USA,2025-08-22
946,Brent,Foster,brent.foster567@outlook.com,Hyderabad,India,2024-06-15
947,Bonnie,Williams,bonnie.williams325@gmail.com,Mumbai,India,2025-10-10
948,George,Young,george.young937@outlook.com,Berlin,Germany,2024-10-11
949,Keith,Wilson,keith.wilson497@yahoo.com,Chennai,India,2025-08-24
950,Antonio,Ayers,antonio.ayers114@outlook.com,Hyderabad,India,2025-02-23
951,Melissa,Santiago,melissa.santiago163@gmail.com,London,United Kingdom,2023-11-25
952,Christy,Kelly,christy.kelly199@outlook.com,Bengaluru,India,2026-05-07
953,Joseph,Harris,joseph.harris364@outlook.com,Bengaluru,India,2024-12-25
954,Michael,Turner,michael.turner859@icloud.com,Chennai,India,2024-11-03
955,Brianna,Mack,brianna.mack234@outlook.com,London,United Kingdom,2024-08-01
956,Danny,Ellis,danny.ellis234@icloud.com,New York,USA,2025-01-29
957,Joseph,Parker,joseph.parker212@outlook.com,Sydney,Australia,2024-05-06
958,Thomas,Lewis,thomas.lewis521@gmail.com,New York,USA,2025-02-09
959,Michael,Diaz,michael.diaz34@yahoo.com,Chicago,USA,2024-04-04
960,Ashley,Carter,ashley.carter567@icloud.com,Sydney,Australia,2025-09-18
961,Stephanie,Wright,stephanie.wright472@yahoo.com,Seattle,USA,2024-03-03
962,Crystal,Hall,crystal.hall788@yahoo.com,Berlin,Germany,2026-07-01
963,Heather,Davis,heather.davis513@gmail.com,Delhi,India,2025-05-10
964,William,Lewis,william.lewis573@icloud.com,Bengaluru,India,2025-10-01
965,Peter,Snyder,peter.snyder869@outlook.com,Delhi,India,2023-10-03
966,Michael,Gonzalez,michael.gonzalez589@outlook.com,London,United Kingdom,2026-06-30
967,Samantha,Clark,samantha.clark195@yahoo.com,Hyderabad,India,2025-01-10
968,Brandy,Wolf,brandy.wolf908@gmail.com,Chennai,India,2025-08-30
969,Sydney,Gibson,sydney.gibson639@outlook.com,Seattle,USA,2023-09-14
970,Paul,Murillo,paul.murillo133@gmail.com,Hyderabad,India,2025-10-27
971,John,Haynes,john.haynes918@yahoo.com,Chennai,India,2025-03-18
972,Rebecca,Hopkins,rebecca.hopkins21@yahoo.com,Delhi,India,2025-08-03
973,Michael,Palmer,michael.palmer541@icloud.com,Chicago,USA,2024-12-06
974,Ralph,Palmer,ralph.palmer608@gmail.com,London,United Kingdom,2024-11-18
975,Eric,Baker,eric.baker436@gmail.com,Hyderabad,India,2026-04-21
976,Brianna,Hernandez,brianna.hernandez393@icloud.com,Chicago,USA,2023-12-07
977,Janet,Rivera,janet.rivera979@yahoo.com,Bengaluru,India,2024-02-13
978,Mary,Walker,mary.walker309@icloud.com,Sydney,Australia,2025-02-27
979,Cody,Mills,cody.mills535@icloud.com,Mumbai,India,2026-04-21
980,William,Hayes,william.hayes384@gmail.com,London,United Kingdom,2024-09-05
981,Michael,Griffin,michael.griffin955@gmail.com,Sydney,Australia,2024-07-30
982,Nathaniel,Wilcox,nathaniel.wilcox705@gmail.com,New York,USA,2023-12-02
983,Joyce,Moreno,joyce.moreno518@gmail.com,Seattle,USA,2026-01-29
984,Jeffrey,Stewart,jeffrey.stewart254@gmail.com,London,United Kingdom,2025-11-25
985,Cristian,Morris,cristian.morris582@icloud.com,London,United Kingdom,2023-11-22
986,Amanda,Bell,amanda.bell886@yahoo.com,Bengaluru,India,2023-08-25
987,Carrie,Johnson,carrie.johnson80@yahoo.com,Berlin,Germany,2024-04-29
988,William,Crawford,william.crawford197@outlook.com,Hyderabad,India,2023-12-06
989,Matthew,Ramos,matthew.ramos180@yahoo.com,Hyderabad,India,2026-06-08
990,Dennis,Choi,dennis.choi457@outlook.com,Mumbai,India,2025-06-25
991,Karen,Huber,karen.huber428@yahoo.com,Berlin,Germany,2025-02-16
992,Jason,Williams,jason.williams983@yahoo.com,Delhi,India,2024-02-28
993,Kelly,Frost,kelly.frost754@outlook.com,Bengaluru,India,2024-05-17
994,Austin,Herrera,austin.herrera422@gmail.com,Hyderabad,India,2025-12-26
995,Sarah,Camacho,sarah.camacho873@outlook.com,New York,USA,2024-01-08
996,Jennifer,Pineda,jennifer.pineda513@gmail.com,Seattle,USA,2026-05-23
997,Melissa,Turner,melissa.turner697@outlook.com,Chennai,India,2025-09-03
998,Jeffrey,Grant,jeffrey.grant657@yahoo.com,Chennai,India,2026-03-15
999,Diane,Perez,diane.perez11@gmail.com,Sydney,Australia,2024-09-29
1000,Susan,Petersen,susan.petersen259@outlook.com,Berlin,Germany,2026-02-28
